parameter,mean,std,median
v_norm,0.6344153,0.15594205,0.64579153
a_0,1.5008636,0.22064325,1.4987177
w_s_eff,0.8576694,0.1612194,0.85186404
t_0,0.29082674,0.09283487,0.2962997
alpha_gain,0.75584817,0.07079945,0.75224316
beta_val,-0.05040126,0.23597735,-0.08303705
