{
  "low": [
    0.10000000149011612,
    0.800000011920929,
    0.30000001192092896,
    0.10000000149011612,
    0.5,
    -1.0
  ],
  "high": [
    2.0,
    1.7999999523162842,
    1.2000000476837158,
    0.5,
    1.0,
    1.0
  ]
}