{
    "v_norm": {
        "ks_stat": 0.12,
        "ks_pval": 0.736219034498267
    },
    "a_0": {
        "ks_stat": 0.12,
        "ks_pval": 0.736219034498267
    },
    "w_s_eff": {
        "ks_stat": 0.19999999999999996,
        "ks_pval": 0.15796916101547342
    },
    "t_0": {
        "ks_stat": 0.32,
        "ks_pval": 0.003119699116750252
    },
    "alpha_gain": {
        "ks_stat": 0.12,
        "ks_pval": 0.736219034498267
    },
    "beta_val": {
        "ks_stat": 0.14,
        "ks_pval": 0.5520586795747393
    }
}