{
    "v_norm": {
        "ks_stat": 0.07066666666666666,
        "ks_pval": 0.09522638211744039
    },
    "a_0": {
        "ks_stat": 0.05199999999999999,
        "ks_pval": 0.37885635028124953
    },
    "w_s_eff": {
        "ks_stat": 0.06599999999999995,
        "ks_pval": 0.1400961946813788
    },
    "t_0": {
        "ks_stat": 0.036666666666666736,
        "ks_pval": 0.8006427070581559
    },
    "alpha_gain": {
        "ks_stat": 0.048000000000000015,
        "ks_pval": 0.4793586646782728
    },
    "beta_val": {
        "ks_stat": 0.08733333333333326,
        "ks_pval": 0.019334907277443223
    }
}