parameter,mean,std,median
v_norm,0.62592995,0.15980238,0.62604016
a_0,1.4871198,0.22929128,1.4804053
w_s_eff,0.84916073,0.15825622,0.82871616
t_0,0.29629,0.09628906,0.2971845
alpha_gain,0.75505656,0.07067567,0.7502969
beta_val,-0.042359576,0.23763125,-0.068257235
