parameter,mean,std,median
v_norm,0.632875,0.16450866,0.6448615
a_0,1.500063,0.23118006,1.4896654
w_s_eff,0.85910535,0.15958777,0.8629782
t_0,0.29701173,0.0977721,0.29829687
alpha_gain,0.7547585,0.070396155,0.7572677
beta_val,-0.03290405,0.22990558,-0.040859737
