{
  "low": [
    0.30000001192092896,
    1.0,
    0.5,
    0.10000000149011612,
    0.6000000238418579,
    -0.5
  ],
  "high": [
    1.0,
    2.0,
    1.2000000476837158,
    0.5,
    0.8999999761581421,
    0.5
  ]
}